,UPI Banks,Volume of Costumers(in Millions),Value of Transactions,Volume in Million,Value (Cr),Month,Year
0,Airtel Payments Bank Apps,9.04,2248.49,15.12,5732.09,12,2021
1,Airtel Payments Bank Apps,8.41,1923.95,15.9,5554.63,11,2021
2,Airtel Payments Bank Apps,7.6,1491.34,14.31,4746.79,10,2021
3,Airtel Payments Bank Apps,6.91,1520.92,11.52,3759.12,9,2021
4,Airtel Payments Bank Apps,6.14,1396.65,9.31,2941.88,8,2021
5,Airtel Payments Bank Apps,5.79,1534.21,7.36,2342.76,7,2021
6,Airtel Payments Bank Apps,5.06,1323.26,6.69,2821.94,6,2021
7,Airtel Payments Bank Apps,4.06,429.12,4.06,429.12,5,2021
8,Airtel Payments Bank Apps,3.53,363.66,14.7,11172.43,4,2021
9,Airtel Payments Bank Apps,3.79,381.74,3.79,381.74,3,2021
10,Airtel Payments Bank Apps,3.33,348.7,3.33,348.7,2,2021
11,Airtel Payments Bank Apps,3.71,355.77,3.71,355.77,1,2021
12,Allahabad Bank App,0.02,7.43,0.02,7.43,12,2021
13,Allahabad Bank App,0.02,6.28,0.02,6.28,11,2021
14,Allahabad Bank App,0.02,6.35,0.02,6.35,10,2021
15,Allahabad Bank App,0.02,5.34,0.02,5.34,9,2021
16,Allahabad Bank App,0.01,4.44,0.01,4.44,8,2021
17,Allahabad Bank App,0.01,2.03,0.01,2.03,7,2021
18,Allahabad Bank App,0.01,4.43,0.01,4.43,5,2021
19,Allahabad Bank App,0.02,5.21,0.02,5.21,4,2021
20,Allahabad Bank App,0.05,13.51,0.05,13.51,3,2021
21,Allahabad Bank App,0.05,12.23,0.05,12.23,2,2021
22,Allahabad Bank App,0.09,21.14,0.09,21.14,1,2021
23,Amazon Pay,76.18,6641.62,76.18,6641.62,12,2021
24,Amazon Pay,71.04,6041.96,71.04,6041.96,11,2021
25,Amazon Pay,68.82,6286.6,68.82,6286.6,10,2021
26,Amazon Pay,62.9,5267.79,62.9,5267.79,9,2021
27,Amazon Pay,60.67,5297.16,60.67,5297.16,8,2021
28,Amazon Pay,62.83,5223.57,62.83,5223.57,7,2021
29,Amazon Pay,51.34,4814.74,51.34,4814.74,6,2021
30,Amazon Pay,58.35,4782.59,58.35,4782.59,5,2021
31,Amazon Pay,49.12,4272.47,49.12,4272.47,4,2021
32,Amazon Pay,52.38,4457.47,52.38,4457.47,3,2021
33,Amazon Pay,44.22,3831.99,44.22,3831.99,2,2021
34,Amazon Pay,46.3,4044.38,46.3,4044.38,1,2021
35,Andhra Bank App,0.02,13.32,0.02,13.32,1,2021
36,AU Small Finance Bank App,0.21,76.22,0.21,76.22,12,2021
37,AU Small Finance Bank App,0.17,67.04,0.17,67.04,11,2021
38,AU Small Finance Bank App,0.16,62.15,0.16,62.15,10,2021
39,AU Small Finance Bank App,0.13,46.49,0.13,46.49,9,2021
40,AU Small Finance Bank App,0.1,38.53,0.1,38.53,8,2021
41,AU Small Finance Bank App,0.08,33.12,0.08,33.12,7,2021
42,AU Small Finance Bank App,0.05,25.43,0.05,25.43,6,2021
43,AU Small Finance Bank App,0.04,20.29,0.04,20.29,5,2021
44,AU Small Finance Bank App,0.04,20.23,0.04,20.23,4,2021
45,AU Small Finance Bank App,0.04,21.33,0.04,21.33,3,2021
46,AU Small Finance Bank App,0.03,15.48,0.03,15.48,2,2021
47,AU Small Finance Bank App,0.02,12.28,0.02,12.28,1,2021
48,Axis Bank Apps,6.63,916.58,59.85,957.37,12,2021
49,Axis Bank Apps,6.71,875.09,70.83,920.76,11,2021
50,Axis Bank Apps,8.4,963.14,69.28,1005.7,10,2021
51,Axis Bank Apps,7.37,788.51,59.13,832.73,9,2021
52,Axis Bank Apps,10.11,890.5,87.49,959.73,8,2021
53,Axis Bank Apps,10.08,891.26,74.13,941.35,7,2021
54,Axis Bank Apps,9.77,822.59,61.92,857.05,6,2021
55,Axis Bank Apps,10.27,769.07,68.9,806.31,5,2021
56,Axis Bank Apps,9.72,697.87,80.52,747.46,4,2021
57,Axis Bank Apps,8.56,704.6,72.87,748.91,3,2021
58,Axis Bank Apps,6.72,604.08,64.74,648.47,2,2021
59,Axis Bank Apps,5.23,560.7,71.96,618.44,1,2021
60,Bajaj Finserv,0.13,7.08,0.13,7.08,12,2021
61,Bajaj Finserv,0.06,4.1,0.06,4.1,11,2021
62,Bajaj Finserv,0.06,4.3,0.06,4.3,10,2021
63,Bajaj Finserv,0.04,3.03,0.04,3.03,9,2021
64,Bajaj Finserv,0.04,2.85,0.04,2.85,8,2021
65,Bajaj Finserv,0.02,1.55,0.02,1.55,7,2021
66,Bajaj Finserv,0.01,1.05,0.01,1.05,6,2021
67,Bajaj Finserv,0.01,0.77,0.01,0.77,5,2021
68,Bajaj Finserv,0.01,0.96,0.01,0.96,4,2021
69,Bajaj Finserv,0.01,1.02,0.01,1.02,3,2021
70,Bajaj Finserv,0.01,1.03,0.01,1.03,2,2021
71,Bajaj Finserv,0.01,0.99,0.01,0.99,1,2021
72,Bank of Baroda Apps,0.75,333.91,0.75,333.91,12,2021
73,Bank of Baroda Apps,0.75,329.76,0.75,329.77,11,2021
74,Bank of Baroda Apps,0.8,344.85,0.8,344.85,10,2021
75,Bank of Baroda Apps,0.73,293.05,0.73,293.05,9,2021
76,Bank of Baroda Apps,0.75,302.05,0.75,302.06,8,2021
77,Bank of Baroda Apps,0.67,284.98,0.67,284.99,7,2021
78,Bank of Baroda Apps,0.6,265.38,0.6,265.38,6,2021
79,Bank of Baroda Apps,0.54,230.89,0.54,230.89,5,2021
80,Bank of Baroda Apps,0.56,238.5,0.56,238.5,4,2021
81,Bank of Baroda Apps,0.78,294.28,0.78,294.28,3,2021
82,Bank of Baroda Apps,0.66,256.49,0.66,256.49,2,2021
83,Bank of Baroda Apps,0.75,293.25,0.75,293.25,1,2021
84,Bank of India App,0.04,17.26,0.04,17.26,12,2021
85,Bank of India App,0.03,13.54,0.03,13.54,11,2021
86,Bank of India App,0.03,12.88,0.03,12.88,10,2021
87,Bank of India App,0.03,12.45,0.03,12.45,9,2021
88,Bank of India App,0.03,10.31,0.03,10.31,8,2021
89,Bank of India App,0.03,9.8,0.03,9.8,7,2021
90,Bank of India App,0.02,8.25,0.02,8.25,6,2021
91,Bank of India App,0.01,5.23,0.01,5.23,5,2021
92,Bank of India App,0.01,2.11,0.01,2.11,4,2021
93,Bank of Maharashtra App,0.05,11.52,0.05,11.52,12,2021
94,Bank of Maharashtra App,0.04,10.84,0.04,10.84,11,2021
95,Bank of Maharashtra App,0.04,10.5,0.04,10.5,10,2021
96,Bank of Maharashtra App,0.04,7.8,0.04,7.8,9,2021
97,Bank of Maharashtra App,0.04,7.76,0.04,7.76,8,2021
98,Bank of Maharashtra App,0.03,7.27,0.03,7.27,7,2021
99,Bank of Maharashtra App,0.03,6.82,0.03,6.82,6,2021
100,Bank of Maharashtra App,0.02,6.18,0.02,6.18,5,2021
101,Bank of Maharashtra App,0.02,6.05,0.02,6.05,4,2021
102,Bank of Maharashtra App,0.03,6.73,0.03,6.73,3,2021
103,Bank of Maharashtra App,0.02,5.73,0.02,5.73,2,2021
104,Bank of Maharashtra App,0.02,6.37,0.02,6.37,1,2021
105,BHIM,27.12,8831.67,27.12,8831.67,12,2021
106,BHIM,25.23,8237.22,25.23,8237.22,11,2021
107,BHIM,27.27,8513.82,27.27,8513.82,10,2021
108,BHIM,25.36,7538.58,25.36,7538.58,9,2021
109,BHIM,26.33,8063.93,26.33,8063.93,8,2021
110,BHIM,23.76,7442.86,23.76,7442.86,7,2021
111,BHIM,22.84,7319.77,22.84,7319.77,6,2021
112,BHIM,21.02,6776.2,21.02,6776.2,5,2021
113,BHIM,22.26,6886.78,22.26,6886.78,4,2021
114,BHIM,24.42,7653.21,24.42,7653.21,3,2021
115,BHIM,20.44,6379.91,20.44,6379.91,2,2021
116,BHIM,23.38,7462.94,23.38,7462.94,1,2021
117,Canara Bank App,0.25,90.72,0.25,90.72,12,2021
118,Canara Bank App,0.21,78.32,0.21,78.32,11,2021
119,Canara Bank App,0.21,77.06,0.21,77.06,10,2021
120,Canara Bank App,0.16,51.88,0.16,51.88,9,2021
121,Canara Bank App,0.14,56.23,0.14,56.23,8,2021
122,Canara Bank App,0.11,55.83,0.11,55.83,7,2021
123,Canara Bank App,0.1,52.64,0.1,52.64,6,2021
124,Canara Bank App,0.09,45.92,0.09,45.92,5,2021
125,Canara Bank App,0.09,43.87,0.09,43.87,4,2021
126,Canara Bank App,0.1,47.87,0.1,47.87,3,2021
127,Canara Bank App,0.08,37.39,0.08,37.39,2,2021
128,Canara Bank App,0.09,40.52,0.09,40.52,1,2021
129,Central Bank of India App,0.13,46.47,0.13,46.47,12,2021
130,Central Bank of India App,0.11,43.57,0.11,43.57,11,2021
131,Central Bank of India App,0.12,45.48,0.12,45.48,10,2021
132,Central Bank of India App,0.13,47.35,0.13,47.35,9,2021
133,Central Bank of India App,0.13,47.83,0.13,47.83,8,2021
134,Central Bank of India App,0.12,46.71,0.12,46.71,7,2021
135,Central Bank of India App,0.11,45.3,0.11,45.3,6,2021
136,Central Bank of India App,0.1,42.18,0.1,42.18,5,2021
137,Central Bank of India App,0.11,41.58,0.11,41.58,4,2021
138,Central Bank of India App,0.12,46.03,0.12,46.03,3,2021
139,Central Bank of India App,0.1,39.78,0.1,39.78,2,2021
140,Central Bank of India App,0.11,40.45,0.11,40.45,1,2021
141,Citi Bank App,0.09,76.94,0.09,76.94,12,2021
142,Citi Bank App,0.09,77.41,0.09,77.41,11,2021
143,Citi Bank App,0.11,81.21,0.11,81.21,10,2021
144,Citi Bank App,0.12,68.42,0.12,68.42,9,2021
145,Citi Bank App,0.09,72.04,0.09,72.04,8,2021
146,Citi Bank App,0.09,80.39,0.09,80.39,7,2021
147,Citi Bank App,0.08,75.09,0.08,75.09,6,2021
148,Citi Bank App,0.08,70.14,0.08,70.14,5,2021
149,Citi Bank App,0.08,68.17,0.08,68.17,4,2021
150,Citi Bank App,0.1,71.02,0.1,71.02,3,2021
151,Citi Bank App,0.1,64.89,0.1,64.89,2,2021
152,Citi Bank App,0.09,71.3,0.09,71.3,1,2021
153,City Union Bank App,0.01,4.61,0.01,4.61,12,2021
154,City Union Bank App,0.01,3.85,0.01,3.85,11,2021
155,City Union Bank App,0.01,3.95,0.01,3.95,10,2021
156,City Union Bank App,0.01,3.32,0.01,3.32,9,2021
157,City Union Bank App,0.01,2.73,0.01,2.73,8,2021
158,City Union Bank App,0.01,2.09,0.01,2.09,7,2021
159,Cointab,0.94,144.16,0.94,144.16,12,2021
160,Cointab,0.64,112.28,0.64,112.28,11,2021
161,Cointab,0.45,84.71,0.45,84.71,10,2021
162,Cointab,0.34,69.81,0.34,69.81,9,2021
163,Cointab,0.28,63.77,0.28,63.77,8,2021
164,Cointab,0.17,49.15,0.17,49.15,7,2021
165,Cointab,0.12,40.95,0.12,40.95,6,2021
166,Cointab,0.1,35.72,0.1,35.72,5,2021
167,Cointab,0.11,40.84,0.11,40.84,4,2021
168,Cointab,0.12,45.71,0.12,45.71,3,2021
169,Cointab,0.12,41.56,0.12,41.56,2,2021
170,Cointab,0.13,43.7,0.13,43.7,1,2021
171,Cred,10.36,13817.16,10.36,13817.16,12,2021
172,Cred,9.03,12277.85,9.03,12277.85,11,2021
173,Cred,9.73,12561.25,9.73,12561.25,10,2021
174,Cred,7.74,9614.36,7.74,9614.36,9,2021
175,Cred,7.5,9040.43,7.5,9040.43,8,2021
176,Cred,7.12,8121.41,7.12,8121.41,7,2021
177,Cred,5.77,6151.57,5.77,6151.57,6,2021
178,Cred,5.65,6142.78,5.65,6142.78,5,2021
179,Cred,5.08,5419.88,5.08,5419.88,4,2021
180,Cred,4.96,5389.97,4.96,5389.97,3,2021
181,Cred,3.94,4229.11,3.94,4229.11,2,2021
182,Cred,4.08,4247.83,4.08,4247.83,1,2021
183,DBS Digibank App,0.55,190.75,0.55,190.75,12,2021
184,DBS Digibank App,0.52,185.2,0.52,185.2,11,2021
185,DBS Digibank App,0.58,198.18,0.58,198.18,10,2021
186,DBS Digibank App,0.55,180.79,0.55,180.79,9,2021
187,DBS Digibank App,0.57,187.52,0.57,187.52,8,2021
188,DBS Digibank App,0.57,189.67,0.57,189.67,7,2021
189,DBS Digibank App,0.51,170.57,0.51,170.57,6,2021
190,DBS Digibank App,0.47,160.73,0.47,160.73,5,2021
191,DBS Digibank App,0.54,164.93,0.54,164.93,4,2021
192,DBS Digibank App,0.59,178.13,0.59,178.13,3,2021
193,DBS Digibank App,0.52,167.48,0.52,167.48,2,2021
194,DBS Digibank App,0.56,178.75,0.56,178.75,1,2021
195,Dena Bank App,0.02,26.08,0.02,26.08,12,2021
196,Dena Bank App,0.02,24.11,0.02,24.11,11,2021
197,Dena Bank App,0.02,27.43,0.02,27.43,10,2021
198,Dena Bank App,0.02,24.37,0.02,24.37,9,2021
199,Dena Bank App,0.02,23.12,0.02,23.12,8,2021
200,Dena Bank App,0.02,24.26,0.02,24.26,7,2021
201,Dena Bank App,0.02,21.57,0.02,21.57,6,2021
202,Dena Bank App,0.02,20.9,0.02,20.9,5,2021
203,Dena Bank App,0.02,22.37,0.02,22.37,4,2021
204,Dena Bank App,0.02,23.57,0.02,23.57,3,2021
205,Dena Bank App,0.01,17.66,0.01,17.66,2,2021
206,Dena Bank App,0.02,20.5,0.02,20.5,1,2021
207,Deutsche Bank App,0.85,85.62,0.85,86.2,12,2021
208,Deutsche Bank App,0.98,115.42,0.98,115.42,11,2021
209,Deutsche Bank App,0.85,98.84,0.85,99.23,10,2021
210,Deutsche Bank App,0.76,70.24,0.76,70.24,9,2021
211,Deutsche Bank App,0.73,81.7,0.73,81.74,8,2021
212,Deutsche Bank App,0.52,55.42,0.52,55.55,7,2021
213,Deutsche Bank App,0.32,27.44,0.32,27.44,6,2021
214,Deutsche Bank App,0.21,14.69,0.21,14.73,5,2021
215,Deutsche Bank App,0.43,43.32,0.43,43.58,4,2021
216,Deutsche Bank App,0.71,79.28,0.71,79.58,3,2021
217,Deutsche Bank App,0.55,59.97,0.55,59.97,2,2021
218,Deutsche Bank App,0.55,60.39,0.55,60.65,1,2021
219,Dhanlaxmi Bank App,0.01,3.07,0.01,3.07,12,2021
220,Dhanlaxmi Bank App,0.01,2.37,0.01,2.37,11,2021
221,Dhanlaxmi Bank App,0.01,2.86,0.01,2.86,9,2021
222,Federal Bank App,0.48,99.96,0.48,99.96,12,2021
223,Federal Bank App,0.47,91.94,0.47,91.94,11,2021
224,Federal Bank App,0.44,90.5,0.44,90.5,10,2021
225,Federal Bank App,0.39,79.44,0.39,79.44,9,2021
226,Federal Bank App,0.35,74.71,0.35,74.71,8,2021
227,Federal Bank App,0.28,68.82,0.28,68.82,7,2021
228,Federal Bank App,0.21,49.99,0.21,49.99,6,2021
229,Federal Bank App,0.17,38.99,0.17,38.99,5,2021
230,Federal Bank App,0.19,39.57,0.19,39.57,4,2021
231,Federal Bank App,0.2,38.85,0.2,38.85,3,2021
232,Federal Bank App,0.16,30.55,0.16,30.55,2,2021
233,Federal Bank App,0.15,26.09,0.15,26.09,1,2021
234,Fino Payments bank App,0.03,2.09,0.03,2.09,12,2021
235,Fino Payments bank App,0.02,1.81,0.02,1.81,11,2021
236,Fino Payments bank App,0.02,1.75,0.02,1.75,10,2021
237,Fino Payments bank App,0.02,1.63,0.02,1.63,9,2021
238,Fino Payments bank App,0.02,1.38,0.02,1.38,8,2021
239,Fino Payments bank App,0.01,1.13,0.01,1.13,7,2021
240,Fino Payments bank App,0.01,1.09,0.01,1.09,6,2021
241,Fino Payments bank App,0.01,1.23,0.01,1.23,5,2021
242,Fino Payments bank App,0.01,1.18,0.01,1.18,4,2021
243,Fino Payments bank App,0.01,1.28,0.01,1.28,3,2021
244,Fino Payments bank App,0.01,1.14,0.01,1.14,2,2021
245,Fino Payments bank App,0.01,1.08,0.01,1.08,1,2021
246,Finshell Pay,0.06,2.92,0.06,2.92,12,2021
247,Finshell Pay,0.05,2.19,0.05,2.19,11,2021
248,Finshell Pay,0.03,1.26,0.03,1.26,10,2021
249,Finshell Pay,0.02,0.72,0.02,0.72,9,2021
250,Freecharge,1.12,63.8,1.12,63.8,1,2021
251,Goibibo,0.01,2.62,0.01,2.62,9,2021
252,Google Pay,1587.43,302989.79,1587.43,302989.79,12,2021
253,Google Pay,1447.84,283357.99,1447.84,283357.99,11,2021
254,Google Pay,1451.93,287491.46,1451.93,287491.46,10,2021
255,Google Pay,1294.56,250393.65,1294.56,250393.65,9,2021
256,Google Pay,1243.75,244453.05,1243.75,244453.05,8,2021
257,Google Pay,1119.16,230847.54,1119.16,230847.54,7,2021
258,Google Pay,972.26,207287.73,972.26,207287.73,6,2021
259,Google Pay,880.59,187136.95,880.59,187136.95,5,2021
260,Google Pay,905.96,190106.71,905.96,190106.71,4,2021
261,Google Pay,957.01,201185.14,957.01,201185.14,3,2021
262,Google Pay,827.86,174455.33,827.86,174455.33,2,2021
263,Google Pay,853.53,177791.47,853.53,177791.47,1,2021
264,HDFC Bank Apps,4.96,1250.74,4.96,1250.74,12,2021
265,HDFC Bank Apps,3.87,1030.59,3.87,1030.59,11,2021
266,HDFC Bank Apps,5.02,1082.99,5.02,1082.99,10,2021
267,HDFC Bank Apps,3.14,772.08,3.14,772.08,9,2021
268,HDFC Bank Apps,3.1,676.72,3.1,676.72,8,2021
269,HDFC Bank Apps,3.0,588.25,3.0,588.25,7,2021
270,HDFC Bank Apps,2.07,408.61,2.07,408.61,6,2021
271,HDFC Bank Apps,1.56,274.77,1.56,274.77,5,2021
272,HDFC Bank Apps,1.42,243.86,1.42,243.86,4,2021
273,HDFC Bank Apps,1.59,244.17,1.59,244.17,3,2021
274,HDFC Bank Apps,1.13,208.06,1.13,208.06,2,2021
275,HDFC Bank Apps,1.52,244.03,1.52,244.03,1,2021
276,HSBC Bank App,0.09,53.64,0.09,53.73,12,2021
277,HSBC Bank App,0.08,46.94,0.08,46.98,11,2021
278,HSBC Bank App,0.08,53.35,0.08,53.39,10,2021
279,HSBC Bank App,0.08,42.97,0.08,43.02,9,2021
280,HSBC Bank App,0.07,39.19,0.07,39.24,8,2021
281,HSBC Bank App,0.06,40.49,0.06,40.52,7,2021
282,HSBC Bank App,0.07,35.56,0.07,35.57,6,2021
283,HSBC Bank App,0.06,35.67,0.06,35.68,5,2021
284,HSBC Bank App,0.07,40.02,0.07,40.03,4,2021
285,HSBC Bank App,0.08,45.88,0.08,45.89,3,2021
286,HSBC Bank App,0.05,37.34,0.05,37.36,2,2021
287,HSBC Bank App,0.06,41.58,0.06,41.59,1,2021
288,ICICI Bank Apps,28.81,8742.96,31.99,8921.76,12,2021
289,ICICI Bank Apps,25.74,7049.36,29.14,7246.75,11,2021
290,ICICI Bank Apps,26.24,6167.22,29.27,6329.63,10,2021
291,ICICI Bank Apps,18.86,6395.93,22.11,6579.65,9,2021
292,ICICI Bank Apps,17.55,5476.78,19.81,5621.27,8,2021
293,ICICI Bank Apps,15.41,5761.98,18.26,5896.05,7,2021
294,ICICI Bank Apps,12.94,4958.01,15.29,5076.12,6,2021
295,ICICI Bank Apps,10.95,4411.52,13.16,4514.11,5,2021
296,ICICI Bank Apps,10.76,3672.3,14.37,3827.95,4,2021
297,ICICI Bank Apps,9.95,3703.08,13.95,3823.36,3,2021
298,ICICI Bank Apps,7.63,2393.8,9.93,2477.23,2,2021
299,ICICI Bank Apps,6.22,1835.97,10.46,1984.07,1,2021
300,IDBI Bank App,0.02,11.34,0.02,11.34,12,2021
301,IDBI Bank App,0.03,13.31,0.03,13.31,11,2021
302,IDBI Bank App,0.03,14.22,0.03,14.22,10,2021
303,IDBI Bank App,0.02,12.0,0.02,12.0,9,2021
304,IDBI Bank App,0.03,11.26,0.03,11.26,8,2021
305,IDBI Bank App,0.02,11.24,0.02,11.24,7,2021
306,IDBI Bank App,0.02,10.86,0.02,10.86,6,2021
307,IDBI Bank App,0.02,10.36,0.02,10.36,5,2021
308,IDBI Bank App,0.02,9.59,0.02,9.59,4,2021
309,IDBI Bank App,0.02,9.68,0.02,9.68,3,2021
310,IDBI Bank App,0.02,9.15,0.02,9.15,2,2021
311,IDBI Bank App,0.02,9.18,0.02,9.18,1,2021
312,IDFC Bank App,0.9,278.53,0.9,278.53,12,2021
313,IDFC Bank App,0.64,237.83,0.64,237.83,11,2021
314,IDFC Bank App,0.62,231.02,0.62,231.02,10,2021
315,IDFC Bank App,0.49,181.96,0.49,181.96,9,2021
316,IDFC Bank App,0.4,155.19,0.4,155.19,8,2021
317,IDFC Bank App,0.3,130.1,0.3,130.1,7,2021
318,IDFC Bank App,0.21,101.74,0.21,101.74,6,2021
319,IDFC Bank App,0.15,72.34,0.15,72.34,5,2021
320,IDFC Bank App,0.15,65.23,0.15,65.23,4,2021
321,IDFC Bank App,0.13,60.84,0.13,60.84,3,2021
322,IDFC Bank App,0.1,47.09,0.1,47.09,2,2021
323,IDFC Bank App,0.08,41.87,0.08,41.87,1,2021
324,India Post Payments Bank App,2.76,321.16,2.76,321.16,12,2021
325,India Post Payments Bank App,2.3,286.07,2.3,286.07,11,2021
326,India Post Payments Bank App,2.39,291.7,2.39,291.7,10,2021
327,India Post Payments Bank App,2.28,267.94,2.28,267.94,9,2021
328,India Post Payments Bank App,2.0,255.16,2.0,255.16,8,2021
329,India Post Payments Bank App,1.79,231.52,1.79,231.52,7,2021
330,India Post Payments Bank App,1.47,203.73,1.47,203.73,6,2021
331,India Post Payments Bank App,1.29,178.52,1.29,178.52,5,2021
332,India Post Payments Bank App,1.32,174.08,1.32,174.08,4,2021
333,India Post Payments Bank App,1.21,167.52,1.21,167.52,3,2021
334,India Post Payments Bank App,1.23,145.46,1.23,145.46,2,2021
335,India Post Payments Bank App,1.08,123.25,1.08,123.25,1,2021
336,Indian Bank App,0.12,42.71,0.12,42.71,12,2021
337,Indian Bank App,0.09,37.77,0.09,37.77,11,2021
338,Indian Bank App,0.09,38.84,0.09,38.84,10,2021
339,Indian Bank App,0.08,35.34,0.08,35.34,9,2021
340,Indian Bank App,0.08,34.46,0.08,34.46,8,2021
341,Indian Bank App,0.08,33.52,0.08,33.52,7,2021
342,Indian Bank App,0.05,25.18,0.05,25.18,6,2021
343,Indian Bank App,0.06,26.84,0.06,26.84,5,2021
344,Indian Bank App,0.06,24.13,0.06,24.13,4,2021
345,Indian Bank App,0.09,34.1,0.09,34.1,3,2021
346,Indian Bank App,0.05,12.38,0.05,12.38,2,2021
347,Indian Bank App,0.02,5.77,0.02,5.77,1,2021
348,IndusInd Bank App,1.19,1269.16,1.19,1269.16,12,2021
349,IndusInd Bank App,1.1,1407.31,1.1,1407.31,11,2021
350,IndusInd Bank App,1.05,1014.56,1.05,1014.56,10,2021
351,IndusInd Bank App,0.33,532.43,0.33,532.43,9,2021
352,IndusInd Bank App,0.52,570.21,0.52,570.21,8,2021
353,IndusInd Bank App,2.18,458.06,2.18,458.06,7,2021
354,IndusInd Bank App,2.18,421.41,2.18,421.41,6,2021
355,IndusInd Bank App,3.12,433.37,3.12,433.37,5,2021
356,IndusInd Bank App,4.2,654.49,4.2,654.49,4,2021
357,IndusInd Bank App,4.49,541.66,4.49,541.66,3,2021
358,IndusInd Bank App,2.16,379.54,2.16,379.54,2,2021
359,IndusInd Bank App,1.82,367.77,1.82,367.77,1,2021
360,Jammu and Kashmir Bank App,0.01,1.93,0.01,1.93,12,2021
361,Janta Sahakari Bank App,0.01,4.48,0.01,4.48,12,2021
362,Janta Sahakari Bank App,0.01,4.8,0.01,4.8,8,2021
363,Janta Sahakari Bank App,0.01,5.32,0.01,5.32,3,2021
364,Janta Sahakari Bank App,0.01,4.35,0.01,4.35,2,2021
365,Janta Sahakari Bank App,0.01,5.02,0.01,5.02,1,2021
366,Jio Payments Bank App,1.65,100.19,1.65,100.19,12,2021
367,Jio Payments Bank App,1.38,89.68,1.38,89.68,11,2021
368,Jio Payments Bank App,1.33,85.75,1.33,85.75,10,2021
369,Jio Payments Bank App,1.24,74.89,1.24,74.89,9,2021
370,Jio Payments Bank App,1.06,68.16,1.06,68.16,8,2021
371,Jio Payments Bank App,1.03,63.44,1.03,63.44,7,2021
372,Jio Payments Bank App,0.8,52.08,0.8,52.08,6,2021
373,Jio Payments Bank App,0.68,40.92,0.68,40.92,5,2021
374,Jio Payments Bank App,0.57,35.43,0.57,35.43,4,2021
375,Jio Payments Bank App,0.47,32.14,0.47,32.14,3,2021
376,Jio Payments Bank App,0.36,25.76,0.36,25.76,2,2021
377,Jio Payments Bank App,0.41,27.91,0.41,27.91,1,2021
378,Jupiter Money,0.98,177.92,0.98,177.92,12,2021
379,Jupiter Money,0.55,102.84,0.55,102.84,11,2021
380,Jupiter Money,0.29,60.0,0.29,60.0,10,2021
381,Jupiter Money,0.13,29.3,0.13,29.3,9,2021
382,Jupiter Money,0.07,17.36,0.07,17.36,8,2021
383,Jupiter Money,0.01,2.07,0.01,2.07,7,2021
384,Karnataka Bank App,0.25,30.03,0.25,30.03,12,2021
385,Karnataka Bank App,0.22,27.68,0.22,27.68,11,2021
386,Karnataka Bank App,0.2,25.71,0.2,25.71,10,2021
387,Karnataka Bank App,0.16,18.64,0.16,18.64,9,2021
388,Karnataka Bank App,0.12,15.38,0.12,15.38,8,2021
389,Karnataka Bank App,0.13,18.45,0.13,18.45,7,2021
390,Karnataka Bank App,0.12,22.51,0.12,22.51,6,2021
391,Karnataka Bank App,0.1,20.74,0.1,20.74,5,2021
392,Karnataka Bank App,0.12,21.13,0.12,21.13,4,2021
393,Karnataka Bank App,0.12,20.89,0.12,20.89,3,2021
394,Karnataka Bank App,0.09,16.41,0.09,16.41,2,2021
395,Karnataka Bank App,0.07,15.35,0.07,15.35,1,2021
396,Karur Vysya Bank App,0.04,17.44,0.04,17.44,12,2021
397,Karur Vysya Bank App,0.03,15.46,0.03,15.46,11,2021
398,Karur Vysya Bank App,0.03,15.4,0.03,15.4,10,2021
399,Karur Vysya Bank App,0.03,14.14,0.03,14.14,9,2021
400,Karur Vysya Bank App,0.03,15.25,0.03,15.25,8,2021
401,Karur Vysya Bank App,0.03,14.6,0.03,14.6,7,2021
402,Karur Vysya Bank App,0.03,12.59,0.03,12.59,6,2021
403,Karur Vysya Bank App,0.02,11.59,0.02,11.59,5,2021
404,Karur Vysya Bank App,0.03,13.08,0.03,13.08,4,2021
405,Karur Vysya Bank App,0.03,15.14,0.03,15.14,3,2021
406,Karur Vysya Bank App,0.03,13.87,0.03,13.87,2,2021
407,Karur Vysya Bank App,0.03,13.14,0.03,13.14,1,2021
408,Khalijeb,0.02,2.49,0.02,2.49,1,2021
409,Kotak Mahindra Bank Apps,6.39,1168.93,6.39,1168.93,12,2021
410,Kotak Mahindra Bank Apps,5.78,1035.67,5.78,1035.67,11,2021
411,Kotak Mahindra Bank Apps,5.38,944.5,5.38,944.5,10,2021
412,Kotak Mahindra Bank Apps,4.31,771.05,4.31,771.05,9,2021
413,Kotak Mahindra Bank Apps,3.98,723.21,3.98,723.21,8,2021
414,Kotak Mahindra Bank Apps,3.46,642.53,3.46,642.53,7,2021
415,Kotak Mahindra Bank Apps,2.8,535.98,2.8,535.98,6,2021
416,Kotak Mahindra Bank Apps,2.37,427.4,2.37,427.4,5,2021
417,Kotak Mahindra Bank Apps,2.13,381.37,2.13,381.37,4,2021
418,Kotak Mahindra Bank Apps,2.26,397.99,2.26,397.99,3,2021
419,Kotak Mahindra Bank Apps,1.95,347.66,1.95,347.66,2,2021
420,Kotak Mahindra Bank Apps,1.88,343.38,1.88,343.38,1,2021
421,MakeMy Trip,0.07,22.3,0.07,22.3,12,2021
422,MakeMy Trip,0.12,45.04,0.12,45.04,11,2021
423,MakeMy Trip,0.13,48.4,0.13,48.4,10,2021
424,MakeMy Trip,0.08,25.67,0.08,25.67,9,2021
425,MakeMy Trip,0.08,25.28,0.08,25.28,8,2021
426,MakeMy Trip,0.08,29.31,0.08,29.31,7,2021
427,MakeMy Trip,0.06,22.16,0.06,22.16,6,2021
428,MakeMy Trip,0.03,11.47,0.03,11.47,5,2021
429,MakeMy Trip,0.08,26.08,0.08,26.08,4,2021
430,MakeMy Trip,0.09,31.2,0.09,31.2,3,2021
431,MakeMy Trip,0.12,44.08,0.12,44.08,2,2021
432,MakeMy Trip,0.01,3.95,0.01,3.95,1,2021
433,MI Pay,0.31,43.97,0.31,43.97,12,2021
434,MI Pay,0.33,47.27,0.33,47.27,11,2021
435,MI Pay,0.37,54.77,0.37,54.77,10,2021
436,MI Pay,0.36,51.29,0.36,51.29,9,2021
437,MI Pay,0.34,50.26,0.34,50.26,8,2021
438,MI Pay,0.34,53.34,0.34,53.34,7,2021
439,MI Pay,0.36,56.69,0.36,56.69,6,2021
440,MI Pay,0.37,55.17,0.37,55.17,5,2021
441,MI Pay,0.38,58.08,0.38,58.08,4,2021
442,MI Pay,0.42,64.65,0.42,64.65,3,2021
443,MI Pay,0.4,59.91,0.4,59.91,2,2021
444,MI Pay,0.44,62.81,0.44,62.81,1,2021
445,Mobikwik,4.24,985.86,4.24,985.86,12,2021
446,Mobikwik,5.18,1478.95,5.18,1478.95,11,2021
447,Mobikwik,4.08,1070.32,4.08,1070.32,10,2021
448,Mobikwik,3.2,687.94,3.2,687.94,9,2021
449,Mobikwik,2.59,418.04,2.59,418.04,8,2021
450,Mobikwik,2.8,402.42,2.8,402.42,7,2021
451,Mobikwik,3.21,535.12,3.21,535.12,6,2021
452,Mobikwik,3.18,467.11,3.18,467.11,5,2021
453,Mobikwik,2.09,254.32,2.09,254.32,4,2021
454,Mobikwik,2.22,315.59,2.22,315.59,3,2021
455,Mobikwik,1.92,216.94,1.92,216.94,2,2021
456,Mobikwik,1.94,253.16,1.94,253.16,1,2021
457,NSDL Payments Bank App,0.01,1.31,0.01,1.31,12,2021
458,NSDL Payments Bank App,0.01,1.11,0.01,1.11,11,2021
459,NSDL Payments Bank App,0.01,0.84,0.01,0.84,9,2021
460,NSDL Payments Bank App,0.01,0.85,0.01,0.85,8,2021
461,NSDL Payments Bank App,0.01,0.86,0.01,0.86,7,2021
462,NSDL Payments Bank App,0.01,0.58,0.01,0.58,5,2021
463,Other Apps,0.03,14.98,0.03,14.98,11,2021
464,Other Apps,0.05,21.51,0.05,21.51,10,2021
465,Other Apps,0.03,11.75,0.03,11.75,9,2021
466,Other Apps,0.02,10.41,0.02,10.41,8,2021
467,Other Apps,0.03,13.88,0.03,13.88,4,2021
468,Other Apps,0.02,11.62,0.02,11.62,3,2021
469,Other Apps,0.02,10.49,0.02,10.49,2,2021
470,Other Apps,0.03,10.76,0.03,10.76,1,2021
471,Other Bank Apps,0.04,16.61,0.04,16.61,7,2021
472,Others,0.02,8.74,0.02,8.74,12,2021
473,Others,0.05,19.27,0.05,19.27,6,2021
474,Others,0.03,12.47,0.03,12.47,5,2021
475,Paytm Payments Bank App,612.71,71874.13,706.37,88094.49,12,2021
476,Paytm Payments Bank App,543.71,66920.55,631.3,81403.37,11,2021
477,Paytm Payments Bank App,542.57,64727.41,632.18,80508.04,10,2021
478,Paytm Payments Bank App,462.71,53793.06,543.55,61417.53,9,2021
479,Paytm Payments Bank App,423.63,50021.4,498.65,56319.62,8,2021
480,Paytm Payments Bank App,387.85,46406.52,454.06,51694.41,7,2021
481,Paytm Payments Bank App,326.53,40614.09,383.05,44981.11,6,2021
482,Paytm Payments Bank App,290.69,35715.48,343.81,43741.16,5,2021
483,Paytm Payments Bank App,320.78,36859.2,372.7,41469.53,4,2021
484,Paytm Payments Bank App,344.99,38653.06,401.16,43221.25,3,2021
485,Paytm Payments Bank App,290.03,34405.44,340.71,38493.52,2,2021
486,Paytm Payments Bank App,281.18,33909.5,332.69,37845.76,1,2021
487,PhonePe,2077.6,394565.58,2077.6,394565.58,12,2021
488,PhonePe,1911.21,365044.32,1911.21,365044.32,11,2021
489,PhonePe,1937.57,365845.39,1937.57,365845.39,10,2021
490,PhonePe,1653.19,306437.37,1653.19,306437.37,9,2021
491,PhonePe,1622.95,301644.8,1622.95,301644.8,8,2021
492,PhonePe,1492.09,288573.0,1492.09,288572.9,7,2021
493,PhonePe,1292.71,262565.88,1292.71,262565.88,6,2021
494,PhonePe,1149.84,234123.57,1149.84,234123.57,5,2021
495,PhonePe,1189.89,234023.33,1189.89,234023.33,4,2021
496,PhonePe,1199.51,231412.33,1199.51,231412.33,3,2021
497,PhonePe,975.53,189517.82,975.53,189517.82,2,2021
498,PhonePe,968.72,191973.77,968.72,191973.77,1,2021
499,Punjab National Bank App,0.07,33.76,0.07,33.76,12,2021
500,Punjab National Bank App,0.07,31.14,0.07,31.14,11,2021
501,Punjab National Bank App,0.08,32.06,0.08,32.06,10,2021
502,Punjab National Bank App,0.07,25.07,0.07,25.07,9,2021
503,Punjab National Bank App,0.04,15.28,0.04,15.28,8,2021
504,Punjab National Bank App,0.02,8.86,0.02,8.86,7,2021
505,Punjab National Bank App,0.08,41.1,0.08,41.1,6,2021
506,Punjab National Bank App,0.11,55.51,0.11,55.51,5,2021
507,Punjab National Bank App,0.12,63.07,0.12,63.07,4,2021
508,Punjab National Bank App,0.14,72.25,0.14,72.25,3,2021
509,Punjab National Bank App,0.13,62.93,0.13,62.93,2,2021
510,Punjab National Bank App,0.13,64.68,0.13,64.68,1,2021
511,Punjab Sind Bank App,0.01,3.21,0.01,3.21,3,2021
512,Punjab Sind Bank App,0.01,3.67,0.01,3.67,2,2021
513,Punjab Sind Bank App,0.01,3.18,0.01,3.18,1,2021
514,Punjab Sindh Bank App,0.01,2.7,0.01,2.7,9,2021
515,Punjab Sindh Bank App,0.01,2.53,0.01,2.53,8,2021
516,RBL Bank App,0.35,102.17,0.35,102.17,12,2021
517,RBL Bank App,0.25,81.95,0.25,81.95,11,2021
518,RBL Bank App,0.22,84.08,0.22,84.08,10,2021
519,RBL Bank App,0.17,65.95,0.17,65.95,9,2021
520,RBL Bank App,0.16,70.24,0.16,70.24,8,2021
521,RBL Bank App,0.15,68.54,0.15,68.54,7,2021
522,RBL Bank App,0.13,61.95,0.13,61.95,6,2021
523,RBL Bank App,0.12,56.21,0.12,56.21,5,2021
524,RBL Bank App,0.13,58.08,0.13,58.08,4,2021
525,RBL Bank App,0.14,59.94,0.14,59.94,3,2021
526,RBL Bank App,0.12,49.4,0.12,49.4,2,2021
527,RBL Bank App,0.12,48.58,0.12,48.58,1,2021
528,RealMe,0.01,0.41,0.01,0.41,8,2021
529,RealMe,0.01,1.44,0.01,1.44,3,2021
530,RealMe,0.01,1.63,0.01,1.63,2,2021
531,RealMe,0.01,1.86,0.01,1.86,1,2021
532,Samsung Pay,3.21,436.3,3.21,436.3,12,2021
533,Samsung Pay,2.8,412.13,2.8,412.13,11,2021
534,Samsung Pay,2.81,428.41,2.81,428.41,10,2021
535,Samsung Pay,2.37,371.1,2.37,371.1,9,2021
536,Samsung Pay,2.25,372.08,2.25,372.08,8,2021
537,Samsung Pay,2.02,367.67,2.02,367.67,7,2021
538,Samsung Pay,1.64,331.04,1.64,331.04,6,2021
539,Samsung Pay,1.36,302.68,1.36,302.68,5,2021
540,Samsung Pay,1.62,312.93,1.62,312.93,4,2021
541,Samsung Pay,1.83,326.96,1.83,326.96,3,2021
542,Samsung Pay,1.65,296.08,1.65,296.08,2,2021
543,Samsung Pay,1.67,314.07,1.67,314.07,1,2021
544,South Indian Bank App,0.13,39.92,0.13,39.92,12,2021
545,South Indian Bank App,0.11,36.91,0.11,36.91,11,2021
546,South Indian Bank App,0.11,37.4,0.11,37.4,10,2021
547,South Indian Bank App,0.09,31.18,0.09,31.18,9,2021
548,South Indian Bank App,0.09,31.69,0.09,31.69,8,2021
549,South Indian Bank App,0.08,28.23,0.08,28.23,7,2021
550,South Indian Bank App,0.06,24.3,0.06,24.3,6,2021
551,South Indian Bank App,0.05,19.67,0.05,19.67,5,2021
552,South Indian Bank App,0.07,23.53,0.07,23.53,4,2021
553,South Indian Bank App,0.07,25.5,0.07,25.5,3,2021
554,South Indian Bank App,0.06,22.61,0.06,22.61,2,2021
555,South Indian Bank App,0.06,22.77,0.06,22.77,1,2021
556,Standard Chartered Bank App,0.1,60.26,0.1,60.26,12,2021
557,Standard Chartered Bank App,0.09,53.87,0.09,53.87,11,2021
558,Standard Chartered Bank App,0.1,56.38,0.1,56.38,10,2021
559,Standard Chartered Bank App,0.08,45.86,0.08,45.86,9,2021
560,Standard Chartered Bank App,0.08,45.31,0.08,45.31,8,2021
561,Standard Chartered Bank App,0.08,46.29,0.08,46.29,7,2021
562,Standard Chartered Bank App,0.06,39.42,0.06,39.42,6,2021
563,Standard Chartered Bank App,0.06,36.73,0.06,36.73,5,2021
564,Standard Chartered Bank App,0.06,33.32,0.06,33.32,4,2021
565,Standard Chartered Bank App,0.05,30.66,0.05,30.66,3,2021
566,Standard Chartered Bank App,0.05,27.11,0.05,27.11,2,2021
567,Standard Chartered Bank App,0.05,27.86,0.05,27.86,1,2021
568,State Bank of India Apps,3.63,1961.7,3.63,1961.72,12,2021
569,State Bank of India Apps,3.72,1990.21,3.72,1990.21,11,2021
570,State Bank of India Apps,3.98,2089.18,3.98,2089.18,10,2021
571,State Bank of India Apps,3.77,1874.58,3.77,1874.58,9,2021
572,State Bank of India Apps,3.69,1905.52,3.69,1905.52,8,2021
573,State Bank of India Apps,3.55,1908.2,3.55,1908.2,7,2021
574,State Bank of India Apps,3.43,1978.61,3.43,1978.61,6,2021
575,State Bank of India Apps,3.69,2079.32,3.69,2079.32,5,2021
576,State Bank of India Apps,4.14,2359.08,4.14,2359.08,4,2021
577,State Bank of India Apps,4.55,2578.38,4.55,2578.38,3,2021
578,State Bank of India Apps,4.13,2273.77,4.13,2273.77,2,2021
579,State Bank of India Apps,4.29,2358.82,4.29,2358.82,1,2021
580,Truecaller,0.01,3.55,0.01,3.55,3,2021
581,Truecaller,0.05,15.36,0.05,15.36,2,2021
582,Truecaller,0.01,1.94,0.01,1.94,1,2021
583,UCO Bank App,0.14,33.49,0.14,33.49,12,2021
584,UCO Bank App,0.12,30.41,0.12,30.41,11,2021
585,UCO Bank App,0.11,27.95,0.11,27.95,10,2021
586,UCO Bank App,0.1,23.44,0.1,23.44,9,2021
587,UCO Bank App,0.09,21.64,0.09,21.64,8,2021
588,UCO Bank App,0.08,22.5,0.08,22.5,7,2021
589,UCO Bank App,0.09,20.8,0.09,20.8,6,2021
590,UCO Bank App,0.08,19.5,0.08,19.5,5,2021
591,UCO Bank App,0.07,16.17,0.07,16.17,4,2021
592,UCO Bank App,0.07,16.08,0.07,16.08,3,2021
593,UCO Bank App,0.06,13.69,0.06,13.69,2,2021
594,UCO Bank App,0.05,14.12,0.05,14.12,1,2021
595,Ultracash,1.96,178.99,1.96,178.99,12,2021
596,Ultracash,2.13,162.44,2.13,162.44,11,2021
597,Ultracash,2.32,170.32,2.32,170.32,10,2021
598,Ultracash,2.02,163.57,2.02,163.57,9,2021
599,Ultracash,1.66,161.92,1.66,161.92,8,2021
600,Ultracash,1.45,158.45,1.45,158.45,7,2021
601,Ultracash,1.19,148.09,1.19,148.09,6,2021
602,Ultracash,1.15,142.92,1.15,142.92,5,2021
603,Ultracash,1.49,178.72,1.49,178.72,4,2021
604,Ultracash,1.33,158.23,1.33,158.23,3,2021
605,Ultracash,0.89,118.31,0.89,118.31,2,2021
606,Ultracash,0.75,120.28,0.75,120.28,1,2021
607,Union Bank Apps,0.36,167.6,0.36,167.6,12,2021
608,Union Bank Apps,0.43,178.53,0.43,178.53,11,2021
609,Union Bank Apps,0.66,223.98,0.66,223.98,10,2021
610,Union Bank Apps,0.41,155.2,0.41,155.2,9,2021
611,Union Bank Apps,0.37,150.94,0.37,150.94,8,2021
612,Union Bank Apps,0.33,137.37,0.33,137.37,7,2021
613,Union Bank Apps,0.29,128.37,0.29,128.37,6,2021
614,Union Bank Apps,0.28,110.65,0.28,110.65,5,2021
615,Union Bank Apps,0.34,135.79,0.34,135.79,4,2021
616,Union Bank Apps,0.38,144.93,0.38,144.93,3,2021
617,Union Bank Apps,0.32,119.4,0.32,119.4,2,2021
618,Union Bank Apps,0.24,99.94,0.24,99.94,1,2021
619,WhatsApp,2.25,188.78,2.25,188.78,12,2021
620,WhatsApp,2.11,149.38,2.11,149.38,11,2021
621,WhatsApp,1.01,62.31,1.01,62.31,9,2021
622,WhatsApp,0.5,44.7,0.5,44.7,8,2021
623,WhatsApp,0.47,45.33,0.47,45.33,7,2021
624,WhatsApp,0.46,42.44,0.46,42.44,6,2021
625,WhatsApp,0.51,48.15,0.51,48.15,5,2021
626,WhatsApp,0.54,47.62,0.54,47.62,4,2021
627,WhatsApp,0.58,38.17,0.58,38.17,3,2021
628,WhatsApp,0.55,32.41,0.55,32.41,2,2021
629,WhatsApp,0.56,36.44,0.56,36.44,1,2021
630,WhatsApp*,2.6,104.19,2.6,104.19,10,2021
631,Yes Bank Apps,24.88,5689.57,25.14,5689.75,12,2021
632,Yes Bank Apps,24.13,6170.96,24.34,6171.08,11,2021
633,Yes Bank Apps,28.32,7660.21,28.41,7660.27,10,2021
634,Yes Bank Apps,23.02,4994.32,23.03,4994.33,9,2021
635,Yes Bank Apps,24.34,5702.87,24.35,5702.87,8,2021
636,Yes Bank Apps,25.94,4811.73,25.94,4811.73,7,2021
637,Yes Bank Apps,24.72,5227.04,24.72,5227.04,6,2021
638,Yes Bank Apps,21.08,4486.54,21.08,4486.54,5,2021
639,Yes Bank Apps,22.81,5120.17,22.81,5120.17,4,2021
640,Yes Bank Apps,29.14,4831.58,29.14,4831.58,3,2021
641,Yes Bank Apps,29.34,3396.01,29.34,3396.01,2,2021
642,Yes Bank Apps,14.78,3207.95,14.78,3207.95,1,2021
643,YuvaPay,0.05,78.43,0.05,78.43,12,2021
644,YuvaPay,0.04,66.62,0.04,66.62,11,2021
645,YuvaPay,0.04,61.62,0.04,61.62,10,2021
646,YuvaPay,0.04,46.94,0.04,46.94,9,2021
647,YuvaPay,0.02,19.01,0.02,19.01,8,2021
648,YuvaPay,0.48,38.3,0.48,38.3,7,2021
649,YuvaPay,1.33,60.44,1.33,60.44,6,2021
650,YuvaPay,2.32,73.16,2.32,73.16,5,2021
651,YuvaPay,1.59,51.22,1.59,51.22,4,2021
652,YuvaPay,0.56,18.56,0.56,18.56,3,2021
653,YuvaPay,0.02,0.63,0.02,0.63,2,2021
